url,price,area,address,district,bedrooms,bathrooms,property_type,posted_date,description
https://mogi.vn/quan-hoan-kiem/mua-nha-mat-tien-pho/ban-nha-mat-pho-cua-dong-giap-ly-nam-de-vi-tri-trung-tam-pho-co-hn-id22726008,100 tỷ,"88,7 m2 (4,05x21,9)","Cửa Đông, Phường Cửa Đông, Quận Hoàn Kiếm, Hà Nội",Quận Hoàn Kiếm,3.0,5.0,Quận Hoàn Kiếm,05/02/2026,"🏛️ Bán nhà mặt phố Cửa Đông, giáp Lý Nam Đế – vị trí vàng trung tâm phố cổ Hà NộiCần bán nhà mặt phố Cửa Đông, đoạn đẹp giao với Lý Nam Đế, khu vực lõi trung tâm phố cổ Hà Nội – nơi tập trung hoạt động thương mại, tài chính và du lịch sôi động bậc nhất.📌 Thông tin chi tiết nhà mặt phố Cửa Đông: Vị trí: Mặt phố Cửa Đông, mạn giao Lý Nam Đế, quận Hoàn Kiếm Diện tích đất: 88,7m² Mặt tiền: 4,05m Chiều sâu: 21,9m Pháp lý: 2 sổ đỏ riêng biệt, pháp lý rõ ràng, 2 cầu thang riêng, chưa hợp khối – cực kỳ "
https://mogi.vn/quan-long-bien/mua-can-ho-chung-cu/ban-2-can-ho-68m2-full-do-lo-goc-huong-dong-nam-toa-n10a-sai-dong-id22671729,2 tỷ 950 triệu,68 m2,"Sài Đồng, Phường Sài Đồng, Quận Long Biên, Hà Nội",Quận Long Biên,2.0,1.0,Quận Long Biên,05/02/2026,"Bán 2 Căn hộ 68m2 Full Đồ - Lô góc, Hướng Đông Nam, Tòa N10A KĐT Sài Đồng, Long Biên.+ Căn 1 Diện tích 68,6m, Lô góc, 2 phòng ngủ, 1WC. Tầng cao.- 2 ban công view thoáng mát.- Phòng nào cũng có cửa sổ cực mát, sáng thoáng, Hè không cần dùng điều hòa và bật điện- Giá 3 tỷ bao thuế phí (có ra lộc)+ Căn 2 Diện tích 66.7m2, 2 phòng ngủ, 1WC. Tầng Trung- 2 ban công view thoáng mát.- Nội thất xịn xò , đã sửa sang thay mới toàn bộ thiết bị vệ sinh toto- Phòng nào cũng có cửa cực mát, sáng thoáng, - An "
https://mogi.vn/quan-thanh-xuan/mua-can-ho-chung-cu/chinh-chu-ban-ch-ban-co-yeu-chinh-phu-dt-125m-3pn-11-8-ty-sdcc-id22727786,11 tỷ 800 triệu,124 m2,"Khuất Duy Tiến, Phường Nhân Chính, Quận Thanh Xuân, Hà Nội",Quận Thanh Xuân,3.0,2.0,Quận Thanh Xuân,04/02/2026,"Nhà mình cần bán gấp căn hộ chung cư Ban Cơ YẾu Chính Phủ - 43 Lê Văn Lương - Nhân Chính - Thanh Xuân- Diện tích 125m thiết kế 3 ngủ 2 vệ sinh căn góc ban công đông nam- Tầng trung đẹp, hướng mát các phòng ngủ đều có ánh sáng- Nhà sẵn sổ sang tên luôn- Giá bán: 11,8 tỷ (có thương lượng)Liên hệ chính chủ: 0971085383 (Chị Oanh)"
https://mogi.vn/quan-cau-giay/mua-can-ho-chung-cu/ban-ch-golden-park-duong-dinh-nghe-dt-116m-3pn-sdcc-can-goc-12-9-ty-id22727737,12 tỷ 900 triệu,116 m2,"Phạm Văn Bạch, Phường Yên Hòa, Quận Cầu Giấy, Hà Nội",Quận Cầu Giấy,3.0,2.0,Quận Cầu Giấy,04/02/2026,"Cần bán gấp căn hộ chung cư Golden Park Dương Đình Nghệ - Cầu Giấy - Hà Nội- Diện tích 116m thiết kế 3 ngủ, 2 vệ sinh căn góc ban công đông bắc- Tầng trung đẹp các phòng ngủ đều có ánh sáng- Giá bán: 12,9 tỷ (có thương lượng)- Nhà có đầy đủ nội thất cả đồ điện tử- Sổ đỏ chính chủ sang tên luônLiên hệ chính chủ: 0971085383 (Chị Oanh)"
https://mogi.vn/quan-cau-giay/mua-can-ho-chung-cu/chinh-chu-ban-ch-green-park-duong-dinh-nghe-105m-3pn-huong-mat-9-8-ty-id22724446,9 tỷ 800 triệu,105 m2,"Dương Đình Nghệ, Phường Yên Hòa, Quận Cầu Giấy, Hà Nội",Quận Cầu Giấy,3.0,2.0,Quận Cầu Giấy,04/02/2026,"Nhà mình cần bán gấp căn hộ chung cư Green Park Dương Đình Nghệ - Cầu Giấy- DIện tích 105m thiết kế 3 ngủ 2 vệ sinh ban công đông bắc- Tầng trung hướng mát, view thoáng- Nhà sẵn sổ giao dịch luôn- Để lại nội thất mới có thể ở luôn- Giá bán: 9,8 tỷ (có thương lượng)Liên hệ chính chủ: 0971350620 (Chị Oanh)"
https://mogi.vn/quan-nam-tu-liem/mua-can-ho-chung-cu/ban-gap-ch-capital-elite-18-pham-hung-dt-105m-3pn-sdcc-gia-10-8-ty-id22724439,10 tỷ 800 triệu,105 m2,"Phạm Hùng, Phường Mỹ Đình 2, Quận Nam Từ Liêm, Hà Nội",Quận Nam Từ Liêm,3.0,2.0,Quận Nam Từ Liêm,04/02/2026,"Nhà mình cần bán gấp căn hộ chung cư Capital Elite - 18 Phạm Hùng - Nam Từ Liêm- Diện tích 105m thiết kế 3 ngủ, 2 vệ sinh ban công hướng bắc - Nhà có nội thất có thể ở luôn- Sổ đỏ chính chủ sang tên luôn - Giá bán: 10,8 tỷ (có thương lượng)Liên hệ chính chủ: 0971350620 (Chị Oanh)"
https://mogi.vn/quan-thanh-xuan/mua-can-ho-chung-cu/ban-gap-ch-imperia-garden-203-nguyen-huy-tuong-dt100m-3pn-sdcc-11-8-ty-id22724411,11 tỷ 800 triệu,100 m2,"Nguyễn Huy Tưởng, Phường Thanh Xuân Trung, Quận Thanh Xuân, Hà Nội",Quận Thanh Xuân,3.0,1.0,Quận Thanh Xuân,04/02/2026,"Chính Chủ cần bán gấp căn hộ chung cư Imperia Garden - 203 Nguyễn Huy TƯởng- Thanh Xuân- DIện tích 100m thiết kế 3 ngủ, 2 vệ sinh căn góc ban công đông nam- Tầng trung hướng mát, các phòng ngủ đều có ánh sáng- Giá bán: 11,8 tỷ (có thương lượng)- Để lại hết nội thất cả đồ điện tử- Sổ đỏ chính chủ sang tên luônLiên hệ chính chủ: 0971350620 (Chị Oanh)"
https://mogi.vn/quan-cau-giay/mua-can-ho-chung-cu/chinh-chu-ban-ch-18t1-trung-hoa-nhan-chinh-dt-67m-2pn-5-8-ty-sdcc-id22724409,5 tỷ 800 triệu,67 m2,"Hoàng Ngân, Phường Trung Hòa, Quận Cầu Giấy, Hà Nội",Quận Cầu Giấy,2.0,1.0,Quận Cầu Giấy,04/02/2026,"Nhà mình cần bán gấp căn hộ chung cư 18T1 Lê Văn Lương - Trung Hòa Nhân Chính - Thanh Xuân- Diện tích 67m thiết kế 2 ngủ 2 vệ sinh ban công đông bắc- Nhà có nội thất cơ bản có thể ở ngay- Tầng trung view nội khu- Sổ đỏ chính chủ sang tên luôn- Giá bán: 5,8 tỷ (có thương lượng)Liên hệ chính chủ: 0971350620 (Chị Oanh)"
https://mogi.vn/quan-thanh-xuan/mua-can-ho-chung-cu/chinh-chu-ban-ch-golden-land-275-nguyen-trai-dt-115m-3n-full-nt-10-ty-id22723744,10 tỷ,115 m2,"Nguyễn Trãi, Phường Thanh Xuân Trung, Quận Thanh Xuân, Hà Nội",Quận Thanh Xuân,3.0,1.0,Quận Thanh Xuân,04/02/2026,"Nhà mình cần bán gấp căn hộ chung cư Golden Land 275 Nguyễn Trãi - Thanh Xuân- Diện tích 115m thiết kế 3 ngủ 2 vệ sinh ban công đông nam, các phòng ngủ đều có ánh sáng- Tầng trung đẹp, view thoáng- Sẵn sổ giao dịch luôn- Giá bán: 10 tỷ (có thương lượng)Liên hệ chính chủ: 0971350620 (Chị Oanh)"
https://mogi.vn/quan-cau-giay/mua-can-ho-chung-cu/chinh-chu-ban-ch-golden-park-dt-98m-3pn-full-nt-sdcc-10-ty-huong-dn-id22723741,10 tỷ,98 m2,"Phạm Văn Bạch, Phường Yên Hòa, Quận Cầu Giấy, Hà Nội",Quận Cầu Giấy,3.0,2.0,Quận Cầu Giấy,04/02/2026,"Nhà mình chuyển công tác miền nam cần bán gấp căn hộ chung cư Golden Park - Số 2 Phạm Văn Bạch- DIện tích 98m thiết kế 2 ngủ, 2 vệ sinh ban công đông nam- Nhà đầy đủ nội thất ở luôn- Tầng trung sẵn sổ giao dịch luôn- Sẵn slot ô tô- Giá bán: 10 tỷ (có thương lượng)Liên hệ chính chủ: O971350620 (Chị Oanh)"
https://mogi.vn/quan-cau-giay/mua-can-ho-chung-cu/chinh-chu-ban-mipec-rubik-360-xuan-thuy-dt-85m-3pn-full-nt-sdcc-10-ty-id22723716,10 tỷ,85 m2,"Xuân Thủy, Phường Dịch Vọng, Quận Cầu Giấy, Hà Nội",Quận Cầu Giấy,2.0,2.0,Quận Cầu Giấy,04/02/2026,"Chuyển sang căn hộ 3 ngủ cần bán gấp căn hộ chung cư Mipec Rubik 360 Xuân Thủy - CẦu Giấy - Diện tích 85m thiết kế 2 ngủ, 2 vệ sinh, cửa hướng nam, ban công bắc, view thoáng- Nhà sẵn sổ giao dịch luôn- Để lại full đồ nội thất đẹp- GIá bán: 10 tỷ (có thương lượng)Liên hệ chính chủ: 0971350620 (MTG)"
https://mogi.vn/quan-cau-giay/mua-can-ho-chung-cu/ban-gap-ch-flc-twins-tower-265-cau-giay-125m-3pn-full-nt-sdcc-12-5-ty-id22725721,12 tỷ 500 triệu,125 m2,"Cầu Giấy, Phường Dịch Vọng, Quận Cầu Giấy, Hà Nội",Quận Cầu Giấy,3.0,3.0,Quận Cầu Giấy,04/02/2026,"Cần bán gấp căn hộ chung cư FLC Twins Tower - 265 Cầu Giấy - Diện tích 125m thiết kế 3 ngủ, 2 vệ sinh, căn góc ban công đông nam- Nhà có đủ nội thất cả đồ điện tử có thể ở luôn- Sổ đỏ chính chủ sang tên luôn- Giá bán: 12,5 tỷ (có thương lượng)Liên hệ chính chủ: 0971085383 (Chị Oanh)"
https://mogi.vn/quan-thanh-xuan/mua-can-ho-chung-cu/chinh-chu-ban-ch-king-palace-nguyen-trai-dt-105m-3pn-full-nt-dep-9-8ty-id22726777,9 tỷ 500 triệu,105 m2,"Nguyễn Trãi, Phường Thượng Đình, Quận Thanh Xuân, Hà Nội",Quận Thanh Xuân,3.0,2.0,Quận Thanh Xuân,04/02/2026,"Chính Chủ cần bán gấp căn hộ chung cư King Palace 108 Nguyễn Trãi Thanh Xuân- DIện tích 105m thiết kế 3 ngủ, 2 vệ sinh ban công đông bắc, các phòng ngủ đều có ánh sáng- Tầng trung view thoáng- Nhà sẵn nội thất cả đồ điện tử- Có slot ô tô- Giá bán: 9,8 tỷ (có thương lượng)Liên hệ chính chủ: 0971350620 (Cô Oanh)"
https://mogi.vn/quan-dong-da/mua-can-ho-chung-cu/ban-gap-ch-3n-chung-cu-song-hong-park-view-dt-110m-full-nt-11-ty-id22726775,11 tỷ,110 m2,"Thái Hà, Phường Láng Hạ, Quận Đống Đa, Hà Nội",Quận Đống Đa,3.0,2.0,Quận Đống Đa,04/02/2026,"Nhà mình cần bán gấp căn hộ chung cư Sông Hồng Park View - 165 Thái Hà - Đống Đa- Diện tích 110m thiết kế 3 ngủ, 2 vệ sinh căn góc ban công đông nam- Tầng trung căn góc thoáng- Nhà full đồ nội thất cả đồ điện tử- GIá bán: 11 tỷ (có thương lượng0- Nhà sẵn sổ sang tên luônLiên hệ chính chủ: 0971350620 (Chị Oanh)"
https://mogi.vn/quan-cau-giay/mua-can-ho-chung-cu/chinh-chu-ban-ch-mipec-rubik-360-xuan-thuy-dt-108m-3pn-full-nt-13-ty-id22727863,13 tỷ,108 m2,"Xuân Thủy, Phường Dịch Vọng, Quận Cầu Giấy, Hà Nội",Quận Cầu Giấy,3.0,2.0,Quận Cầu Giấy,04/02/2026,"Nhà mình cần bán gấp căn hộ chung cư Mipec rubik 360 Xuân Thủy - Cầu Giấy- Diện tích 108m thiết kế 3 ngủ, 2 vệ sinh căn góc ban công đông nam- Nhà full nội thất đẹp có thể ở ngay- Sổ đỏ chính chủ sang tên luôn- GIá bán : 13 tỷ (có thương lượng)Liên hệ chính chủ: 0971086383 (Chị Oanh)"
https://mogi.vn/quan-tay-ho/mua-nha-mat-tien-pho/toa-nha-6-tang-thang-may-mat-pho-ve-ho-dt-120m2-45-ty-kinh-doanh-id22245767,45 tỷ,120 m2 (6x20),"Vệ Hồ, Phường Xuân La, Quận Tây Hồ, Hà Nội",Quận Tây Hồ,8.0,8.0,Quận Tây Hồ,05/02/2026,"Tòa nhà mặt phố Vệ Hồ 6 tầng thang máy view trọn Hồ tây. Vỉa hè rộng ô tô dừng đỗ thoải mái. Vị trí đẹp thích hợp nhiều loại hình kinh doanh đặc biệt cho thuê khách nước ngoài hái ra tiền.- 200m ra bãi đỗ xe Xuân La rất thuận tiện cho văn phòng, công ty.- Nhà xây 6 tầng thang máy. Thiết kế bố trí hợp lý. Nội thất nhập khẩu.Diện tích sổ 120m². Mặt tiền 6m rộng rãi. Sổ đỏ vuông vắn sẵn giao dịch. Giá chào 45 tỷ có hỗ trợ khách vay ngân hàng.Liên hệ anh Nhật."
https://mogi.vn/quan-bac-tu-liem/mua-nha-biet-thu-lien-ke/phan-lo-khu-do-thi-moi-nam-cuong-bac-tu-liem-65m2-lo-goc-hon-14t-id21814149,13 tỷ 999 triệu,63 m2 (4x15),"Tôn Quang Phiệt, Phường Cổ Nhuế 1, Quận Bắc Từ Liêm, Hà Nội",Quận Bắc Từ Liêm,4.0,5.0,Quận Bắc Từ Liêm,05/02/2026,"Chủ nhà cán bộ về hưu bán nhà phân lô Khu đô thị mới Nam Cường về quê an dưỡng tuổi già. DT 65m2 thang máy. Hơn 14 tỷ+ Nhà lô góc 2 mặt đường ô tô. View chung cư thoáng vĩnh viễn, đường phân lô ô tô tránh vỉa hè rộng rãi. Khu phân lô an ninh tốt. Tiện ích xung quanh không thiếu thứ gì.+ Nhà thiết kế cơ bản, lô góc nên phòng nào cũng có ánh sáng. Xây dựng năm 2015 tổng 4PN, phòng khách và nhiều phòng chức năng. Đồ đạc nội thất mới, Khách mua về sẵn ở ngay.Khu đất vượng khí. Sổ vuông đẹp sẵn giao "
https://mogi.vn/quan-cau-giay/mua-nha-biet-thu-lien-ke/phan-lo-quan-doi-tran-tu-binh-cau-giay-63m2-thang-may-17-5-ty-id21804976,17 tỷ 500 triệu,63 m2 (5x12),"Trần Tử Bình, Phường Nghĩa Tân, Quận Cầu Giấy, Hà Nội",Quận Cầu Giấy,4.0,5.0,Quận Cầu Giấy,05/02/2026,"Hàng xóm toàn cán bộ công chức, phân lô Quân đội Trần Tử Bình an ninh yên tĩnh. DT 60m2 - Thang máy.+ Ngõ nông thông, cách mặt đường 30m. Khu phân lô đẹp đường xá rộng rãi.+ Nhà xây mới năm 2016 chủ tự tay thiết kế. Có ô chờ thang máy chỉ việc lắp. Tổng 4PN rộng rãi, đồ đạc nội thất gỗ Lim, Cửa sổ Eurowindow, sàn gỗ pơ mu. Chủ tặng toàn bộ nội thất cho khách mua về ở ngay.Chủ nhà ăn nên làm ra đổi nhà phố. Sổ vuông vắn sẵn giao dịch. Liên hệ 0949521156 Mr Nam để xem nhà http://batdongsandatxanh."
https://mogi.vn/quan-cau-giay/mua-nha-biet-thu-lien-ke/phan-lo-tt-buu-dien-hoang-sam-cau-giay-60m2-view-vuon-hoa-hon-16t-id21804950,16 tỷ,60 m2 (4x15),"Hoàng Sâm, Phường Nghĩa Đô, Quận Cầu Giấy, Hà Nội",Quận Cầu Giấy,5.0,5.0,Quận Cầu Giấy,05/02/2026,"Chủ nhà là doanh nhân thành đạt, bán chuyển nhà to hơn. Nhà phân lô TT Bưu điện Hoàng Sâm. An ninh tốt, hàng xóm toàn cán bộ. DT 60m2 hơn 16 tỷ.+ Khu phân lô đẹp, an ninh, yên tĩnh. Đường phân lô ô tô chạy vòng quanh. Vị trí không có điểm gì chê.+ Nhà đẹp, chủ tự xây hơn 6 năm, có ô chờ thang máy. Tổng 4PN. Tầng 1 là gara ô tô rộng rãi. Thiết kế hiện đại Nội thất nhập khẩu. Chủ tặng lại cho khách mua toàn bộ.Sổ phân lô đẹp, Giá hơn 16 tỷ có thương lượng. Liên hệ Mr Nam để xem nhàhttp://batdongsa"
https://mogi.vn/quan-cau-giay/mua-nha-biet-thu-lien-ke/hiem-phan-lo-lang-quoc-te-thang-long-tran-dang-ninh-60m2-15-ty-id21806950,15 tỷ 300 triệu,60 m2 (4x15),"Trần Đăng Ninh, Phường Dịch Vọng, Quận Cầu Giấy, Hà Nội",Quận Cầu Giấy,4.0,5.0,Quận Cầu Giấy,05/02/2026,"Chủ nhà chú Sâm cán bộ về hưu thân thiện, bán chuyển về quê an dưỡng tuổi già. Khu phân lô làng Quốc tế Thăng Long hiếm nhà bán. DT 60m2 x 5 tầng View chung cư thoáng mát. Giá hơn 15 tỷ.+ Khu phân lô Làng quốc tế Thăng Long nổi tiếng khu đô thị sinh thái đẹp, an ninh 24/7, đường phân lô rộng rãi thông các ngả thuận tiện giao thông.+ Nhà xây và hoàn thiện năm 2012, kết cấu chắc chắn. Thiết kế hợp lý thoáng trước sau 2 mặt. Cầu thang to đẹp rộng rãi. Tổng 4PN sẵn ở ngay.Sổ đỏ phân lô đẹp, Giá 15,3"
https://mogi.vn/quan-bac-tu-liem/mua-nha-biet-thu-lien-ke/nha-nguyen-xuan-khoat-bac-tu-liem-hang-xom-ngoai-giao-doan-50m2-id21786396,9 tỷ,50 m2 (4x12),"Xuân La-Xuân Đỉnh, Phường Xuân Tảo, Quận Bắc Từ Liêm, Hà Nội",Quận Bắc Từ Liêm,4.0,5.0,Quận Bắc Từ Liêm,05/02/2026,"Nhà hiếm trong tầm giá. Phân lô Nguyễn Xuân Khoát, Bắc từ Liêm. Ô tô, ngõ thông kinh doanh. DT 50m2 hơn 9 tỷ. Chủ cần bán gấp.+ Vị trí đẹp, tận hưởng toàn bộ tiện ích của Khu đô thị Ngoại giao đoàn. Xung quanh TTTM, bể bơi trường học không thiếu thứ gì. Chiều chiều ra công viên Ngoại giao đoàn tập thể dục thư thái.+ Nhà đẹp so với tầm tiền. Mới xây năm 2018, thiết kế hiện đại 5 tầng bố trí 4PN rộng rãi. Gara ô tô tầng 1. Nội thất chuyên đề gỗ, Đèn Led ốp trần. Phòng khách, phòng ăn rộng rãi.Chủ "
https://mogi.vn/quan-tay-ho/mua-duong-noi-bo/phan-lo-tong-cuc-2-ngo-105-xuan-la-ngo-van-minh-dt-45m2-gia-13-ty-id21786369,13 tỷ,45 m2 (4x11),"Xuân La, Phường Xuân La, Quận Tây Hồ, Hà Nội",Quận Tây Hồ,4.0,5.0,Quận Tây Hồ,05/02/2026,"Chủ nhà là cán bộ quân đội, thiện chí giao dịch, bán nhà phân lô tổng cục 2 ngõ 105 Xuân La. An ninh tốt, hàng xóm toàn cán bộ. DT 45m2 hơn 13 tỷ.+ Khu phân lô đẹp, an ninh, yên tĩnh. Đường xá thuận tiện, ô tô tránh có vỉa hè. Cây xanh tỏa bóng mát. Vị trí không có điểm gì chê.+ Nhà chủ xây ở gần 8 năm, bố trí hài hòa thiết kế hiện đại. Giếng trời thông thoáng. Tổng 3PN. Tầng 1 là gara ô tô rộng rãi. Cầu thang ốp gỗ lim Lào nguyên khối, Vệ sinh Toto, Đèn Led ốp trần, Nội thất nhập khẩu.Sổ phân l"
https://mogi.vn/quan-cau-giay/mua-nha-biet-thu-lien-ke/lien-ke-phan-lo-kdtm-nghia-do-70m2-6-tang-tm-mt-5m-24-ty-id21719921,24 tỷ,70 m2 (5x14),"Phố Nghĩa Đô, Phường Nghĩa Đô, Quận Cầu Giấy, Hà Nội",Quận Cầu Giấy,4.0,5.0,Quận Cầu Giấy,05/02/2026,"LIỀN KỀ PHÂN LÔ KĐTM NGHĨA ĐÔ CẦU GIẤY, GẦN TRƯỜNG QT EVEREST - 70M2 - 6 TẦNG THANG MÁY - MT 5M - 24 TỶMô tả:- Quần thể đô thị Nghĩa Đô là KĐTM kiểu mẫu của Quận Cầu Giấy. An ninh an toàn với môi trường xanh đáng sống. Tiện ích đẳng cấp và khác biệt- Tổ hợp tiện ích 5sao: Bể bơi 4 mùa nước khoáng mặn, bể bơi ngoài trời, đường dạo bộ, vườn BBQ, chòi hóng mát, khu vui chơi trẻ em (trong nhà và ngoài trời), vườn cây xanh, Trường Quốc tế Everest, hệ thống siêu thị cạnh nhà rất tiện lợi. - Nhà liền k"
https://mogi.vn/quan-cau-giay/mua-nha-hem-ngo/phan-lo-phung-chi-kien-50m2-mt4m-5-tang-o-to-hon-10-ty-id21718345,10 tỷ 800 triệu,50 m2 (4x12),"Phùng Chí Kiên, Phường Nghĩa Đô, Quận Cầu Giấy, Hà Nội",Quận Cầu Giấy,4.0,4.0,Quận Cầu Giấy,05/02/2026,"PHÂN LÔ PHÙNG CHÍ KIÊN, CẦU GIẤY - 50M2 - MT4M - 5 TẦNG - Ô TÔ - HƠN 10 TỶ - Ở NGAYMô tả:- Nhà nằm trong khu phân lô Phùng chí kiên, Cầu giấy. Khu phân lô quân đội an ninh yên tĩnh. Ngõ nông đẹp thẳng tắp.- Chủ tự xây năm 2016, đồ đạc nội thất chỉn chu, hiện đại, sẵn ở ngay. Tổng 4 PN rộng rãi riêng biệt khép kín.Chủ nhà trẻ tuổi đã mua được nhà rộng hơn nên bán chuyển đi, thiện chí. Giá chào 10,8 tỷ có thương lượng. Liên hệ 0949521156 Mr Nam để xem nhà"
https://mogi.vn/quan-ba-dinh/mua-nha-hem-ngo/van-bao-lo-goc-ngo-nong-50m2-5-tang-view-lotte-10-5-ty-id21715028,10 tỷ 500 triệu,50 m2 (4x13),"Vạn Bảo, Phường Liễu Giai, Quận Ba Đình, Hà Nội",Quận Ba Đình,6.0,5.0,Quận Ba Đình,05/02/2026,"VẠN BẢO, VẠN PHÚC - LÔ GÓC - NGÕ NÔNG - 50M2 - 5 TẦNG - VIEW LOTTE - NHÀ ĐẸP - 10.5 TỶMô tả:- Vị trí trung tâm Quận Ba Đình. Cách mặt đường Vạn Bảo 20m. Ngõ nông, thẳng. Xung quanh đầy đủ tiện ích trường học, TTTM, ko thiếu thứ gì. An ninh tốt.- Nhà chủ tự xây 2018 đồ đạc nội thất còn mới. Lô góc 6PN rộng rãi. Vị trí đẹp, để ở hay đầu tư cho thuê căn hộ đều phù hợpChủ nhà trẻ tuổi thân thiện, mới mua nhà to hơn ở Tây Hồ nên chuyển đi. Để lại toàn bộ nội thất cho khách mua. Liên hệ 0949521156 Mr "
https://mogi.vn/quan-tay-ho/mua-nha-mat-tien-pho/mat-pho-lac-long-quan-via-he-7m-gan-lotte-kinh-doanh-dinh-id21712456,45 tỷ 500 triệu,130 m2 (6x22),"Lạc Long Quân, Phường Bưởi, Quận Tây Hồ, Hà Nội",Quận Tây Hồ,1.0,1.0,Quận Tây Hồ,05/02/2026,"MẶT PHỐ LẠC LONG QUÂN, VỈA HÈ 7M, GẦN LOTTE, KINH DOANH ĐỈNH CHỈ 350TR/M2.Mô tả:- Vị trí Gần Lotte, cách Hồ tây hơn 100m kinh doanh đỉnh, hiện đang cho thuê kinh doanh tấp nập. hơn 30tr/tháng- Mảnh đất đẹp vuông vắn mặt phố Lạc Long Quân. Vỉa hè 7m ô tô dừng đỗ thoải mái. Hiện trạng là nhà C4Đất cha ông xưa để lại, chủ nhà có tuổi bán chia cho con cháu, rất thiện chí. Giá bán nhanh hơn 350tr/m2 cho 1 căn mặt phố đẹp tuyệt vời. Tiềm năng tương lai không phải bàn cãi. Liên hệ 0949521156 Mr Nam để "
https://mogi.vn/quan-tay-ho/mua-nha-biet-thu-lien-ke/biet-thu-san-vuon-quang-an-tay-ho-165m2-mt9m-hon-25-ty-id21684005,25 tỷ,169 m2 (9x16),"Âu Cơ, Phường Quảng An, Quận Tây Hồ, Hà Nội",Quận Tây Hồ,5.0,5.0,Quận Tây Hồ,05/02/2026,"BIỆT THỰ SÂN VƯỜN QUẢNG AN, TÂY HỒ - 165M2 - MT 9M - HƠN 25 TỶMô tả:Không gian thoáng đãng, mát mẻ. Cách Hồ Tây 5p xe đạp Nhà thiết kế dạng biệt thự sân vườn, DT xây hơn 100m2 tổng 4 phòng ngủ và các phòng đa năng biệt lập. Bên trong nhà 4 mặt thoáng các phòng đều có cửa sổ view vườn hoa thư tháiChủ nhà thân thiện chuyển về quê an dưỡng tuổi già. Sổ đỏ sẵn giao dịch. Liên hệ 0949521156 Mr Nam để xem nhà."
https://mogi.vn/quan-ba-dinh/mua-nha-hem-ngo/nha-linh-lang-ba-dinh-truoc-nha-san-rong-du-10-mam-co-45m2-hon-8-ty-id21578557,8 tỷ,"45 m2 (4,5x10)","Linh Lang, Phường Cống Vị, Quận Ba Đình, Hà Nội",Quận Ba Đình,4.0,4.0,Quận Ba Đình,05/02/2026,"Bán nhà Linh Lang, Quận Ba Đình, ngõ thông Đội Cấn, Đào Tấn, Phan Kế BínhVị trí đẹp Ô tô đỗ cửa, 15m ra ô tô tránh. Ngõ nông gần đường, Trước nhà có sân rộng để xe thoải mái.Nhà chủ tự xây chắc chắn. Lô góc 45m2 x 4 tầng rộng rãi các phòng đều có ánh sáng Sổ đỏ sẵn giao dịch. Chủ bán nhà chuyển lên khu đô thị gần đó. Giá hơn 8 tỷLiên hệ Mr Nam 0949521156"
https://mogi.vn/quan-tay-ho/mua-nha-mat-tien-pho/soc-dat-phat-mai-ngan-hang-mat-ho-tay-250tr-2-mat-tien-7m-no-hau-id21593806,250 triệu,170 m2 (7x25),"Vệ Hồ, Phường Xuân La, Quận Tây Hồ, Hà Nội",Quận Tây Hồ,1.0,1.0,Quận Tây Hồ,05/02/2026,"Đáo hạn ngân hàng cần bán cực gấp mảnh đất đẹp nở hậu phố ven Hồ Tây. View Hồ cực đẹp.Mặt tiền 7m nở hậu. Diện tích mảnh 170m2. Thửa đất đẹp thích hợp xây tòa văn phòng, căn hộ cho thuê hoặc biệt thự liền kề để ở. Đất mặt hồ giá mặt ngõ nhỉnh 200tr/m2Liên hệ Mr Nam 0949521156."
https://mogi.vn/quan-ba-dinh/mua-nha-mat-tien-pho/mat-pho-linh-lang-nga-4-phan-ke-binh-80m2-mt-khung-6m-gpxd-8-tang-id21565225,26 tỷ,80 m2 (6x14),"Linh Lang, Phường Cống Vị, Quận Ba Đình, Hà Nội",Quận Ba Đình,6.0,4.0,Quận Ba Đình,05/02/2026,"Bán nhà mặt phố Linh Lang, Phan Kế Bính, Ba Đình. DT 80m2 mặt tiền 6m. Vỉa hè 4m trước nhà ô tô dừng đỗ.Nhà hiện trạng 4 tầng cho thuê 60tr/m2.Chủ nhà đã xin GPXD 8 tầng thang máy nhưng có kế hoạch khác nên bán lạiSổ đỏ vuông vắn săn giao dịch. Liên hệ Mr Nam 0949521156"
https://mogi.vn/quan-ba-dinh/mua-nha-mat-tien-pho/tuyet-pham-mat-pho-nguyen-van-ngoc-linh-lang-dt-82m2-2thoang-26-ty-id22557757,25 tỷ 999 triệu,86 m2 (14x20),"Nguyễn Văn Ngọc, Phường Cống Vị, Quận Ba Đình, Hà Nội",Quận Ba Đình,4.0,4.0,Quận Ba Đình,05/02/2026,"Bán nhà mặt phố Nguyễn Văn Ngọc, Kim Mã Thượng, Linh Lang. Khu trung tâm Quận Ba Đình. DT 82m2 thoáng 2 mặt trước sau. Cho thuê sầm uất ngày đêm. Giá 26 tỷ.- Nhà mặt phố Nguyễn Văn Ngọc, Kim Mã Thượng, Linh Lang. Nơi trung tâm sầm uất nhộn nhịp, nhiều người Nhật Bản sinh sống. Kinh doanh cho thuê dễ dàng.- Hệ thống tiện ích đa dạng. Trong bán kính 500m là các trường học Thực Nghiệm, Phạm Hồng Thái. TTTM Lotte, Vincom... Vài bước chân ra Sân vận động Quần Ngựa, Hồ tây tập thể dục. An sinh đỉnh.- "
https://mogi.vn/quan-tay-ho/mua-nha-mat-tien-pho/mat-pho-an-duong-vuong-phu-thuong-mat-tien-rong-via-he-to-82m2-1-5t-id22556800,12 tỷ 500 triệu,82 m2 (5x16),"An Dương Vương, Phường Phú Thượng, Quận Tây Hồ, Hà Nội",Quận Tây Hồ,4.0,4.0,Quận Tây Hồ,05/02/2026,"Hàng đầu tư cực đỉnh. Nhà mặt phố An Dương Vương, Phú Thượng, Tây Hồ. Mặt tiền rộng, vỉa hè to. Kinh doanh đỉnh. Diện tích 82m2 giá chỉ 12.5 tỷ. Sau hạ đê càng thêm giá trị.- Nhà có vị trí đẹp, mặt tiền rộng có vỉa hè nên kinh doanh thì để đc rất nhiều xe trước nhà. Đường trước nhà rộng thoáng oto tránh nhau hoặc dừng đỗ thoải mái.,- Nhà gần ngay khu trung tâm Phú Xá, Phú Thượng, gần Sunshine, Ciputra, trường cấp 1, 2 Phú thượng, trường THPT Tây hồ. Khu dân cư Vip.- Khu vực giá trị tăng chóng mặ"
https://mogi.vn/quan-bac-tu-liem/mua-nha-mat-tien-pho/cuc-soc-mat-pho-hon-150tr-m2-mat-pho-nhat-tao-bac-tu-liem-60m2-mt-4m-id22516493,9 tỷ 200 triệu,60 m2 (4x15),"Nhật Tảo, Phường Đông Ngạc, Quận Bắc Từ Liêm, Hà Nội",Quận Bắc Từ Liêm,2.0,2.0,Quận Bắc Từ Liêm,05/02/2026,"Hàng đầu tư bán gấp trong tháng. Mặt phố giá mặt ngõ. Bán gấp nhà mặt phố Nhật Tảo, Bắc từ Liêm. DT 60m2 Mặt tiền 4m Giá 9,2 tỷ.+ Vị trí đẹp, mặt phố kinh doanh. Ô tô tránh vỉa hè, lại gần bãi đỗ xe. Phố trung tâm Bắc từ Liêm quận, kết nối Ciputra, cầu Nhật Tân... giao thông thuận tiện.+ Nhà 2 tầng cũ xác định bán đất tặng nhà. Hiện đang cho thuê kinh doanh 15 tr/tháng. Vị trí đẹp xây tòa cao ốc 7 tầng thang máy vừa ở vừa kinh doanh tuyệt vời.Sổ đỏ vuông vắn đẹp. Chủ cần bán gấp Giá bán 9,2 tỷ c"
https://mogi.vn/quan-cau-giay/mua-nha-mat-tien-pho/nha-mat-pho-to-hieu-kinh-doanh-sam-uat-dt-152m2-hon-42-ty-id21747637,42 tỷ,120 m2 (5x30),"Tô Hiệu, Phường Nghĩa Tân, Quận Cầu Giấy, Hà Nội",Quận Cầu Giấy,6.0,5.0,Quận Cầu Giấy,05/02/2026,"Nhà mặt phố Tô Hiệu - Kinh doanh sầm uất ngày đêm - Dòng tiền đều đặn 80tr/tháng - DT 150m2 hơn 42 tỷMô tả- Nhà mặt phố Tô Hiệu, vị trí ngay gần ngã ba Tô Hiệu - Vị trí nổi nhất phố - Kinh doanh sầm uất.- Nhà xây 5 tầng + 1 tum kết cấu móng cọc chắn chắn. Cầu thang giữa, có thể lắp thang máy. Mặt sau view vườn hoa thoáng vĩnh viễn. Nhà hiện tại đang cho thuê dòng tiền đêu đặn cả nhà 80tr/tháng.Sổ đỏ vuông đẹp, chủ nhà bán chuyển đổi mục đích rất thiện chí. Giá chào có thương lượng. Liên hệ 09495"
https://mogi.vn/quan-ba-dinh/mua-nha-mat-tien-pho/6-tang-kinh-doanh-van-phuc-ba-dinh-50m2-phan-lo-o-to-gia-12-5-ty-id20954464,12 tỷ 500 triệu,50 m2 (4x13),"Vạn Phúc, Phường Kim Mã, Quận Ba Đình, Hà Nội",Quận Ba Đình,4.0,5.0,Quận Ba Đình,05/02/2026,"Bán nhà phân lô kinh doanh khu Vạn Phúc Ba Đình, 6 tầng diện tích 50m2 giá 12,5 tỷ. Trước đây cho thuê doanh thu 40tr/tháng+ Phố Vạn Phúc là khu phố Ngoại giao trung tâm quận Ba Đình, xung quanh là rất nhiều Đại sứ quán đang hoạt động. An ninh cực tốt, bảo vệ canh gác suốt ngày đêm. Nhà nằm trong khu phân lô dân trí cao, trước nhà ô tô tránh, dừng đỗ thoải mái. Vỉa hè để xe rộng rãi. Quần thể tiện ích xung quanh đẳng cấp.+ Nhà xây 6 tầng chắc chắn thiết kế thông sàn phòng rộng rãi đầy đủ công nă"
https://mogi.vn/quan-ba-dinh/mua-nha-mat-tien-pho/mat-pho-vinh-phuc-ba-dinh-vua-o-vua-kd-dt-50m2-x-5-tang-13-ty-id21511951,13 tỷ,50 m2 (4x15),"Vĩnh Phúc, Phường Vĩnh Phúc, Quận Ba Đình, Hà Nội",Quận Ba Đình,5.0,5.0,Quận Ba Đình,05/02/2026,"Bán nhà mặt phố Vĩnh Phúc, Ba Đình. Khu phân lô 7,2ha sầm uất. Vị trí đẹp vừa ở vừa kinh doanh. Tầng 1 cho thuê nhẹ nhàng 15tr/tháng.- Nhà thuộc khu phân lô 7,2ha Vĩnh Phúc. Dân trí cao, an ninh tốt. Mặt phố rộng đẹp trung tâm. Vỉa hè 2m. Vị trí đặc thù vừa ở vừa kinh doanh thuận tiện.- Nhà Thiết kế hiện đại. 5 tầng cầu thang giữa rộng rãi. Có ô chờ lắp thang máy. - Chủ nhà cán bộ về hưu thân thiện, bán chia cho các con cháu. Giá có thương lượngLiên hệ Mr Nam 0949521156 chuyên nhà đất."
https://mogi.vn/quan-dong-da/mua-nha-mat-tien-pho/ban-mat-pho-kim-hoa-36m2-x-3-tang-gia-chi-15-3-ty-id22728164,15 tỷ 300 triệu,"36 m2 (3,2x11,5)","Kim Hoa, Phường Phương Liên, Quận Đống Đa, Hà Nội",Quận Đống Đa,4.0,3.0,Quận Đống Đa,05/02/2026,"🔥 🔥 CỰC HIẾM TRONG TẦM TIỀN | MẶT PHỐ KIM HOA | 36M2 X 3 TẦNG | GIÁ CHỈ 15.3 TỶ‼️ TRUNG TÂM ĐỐNG ĐA - KHU VỰC XÃ ĐÀN - HẦM KIM LIÊN - CV THỐNG NHẤT💯 KHÔNG QUY HOẠCH - ĐẤT ĐẸP VUÔNG VỨC NỞ HẬU📕 PHÁP LÝ: SỔ ĐỎ CÓ SẴN - GIAO DỊCH TRONG NGÀY🏠 NHÀ 3 TẦNG DÂN XÂY KHUNG CỘT CHẮC CHẮN, LÊN TẦNG THOẢI MÁI, CẦU THANG GIỮA MỖI TẦNG 2 PHÒNGGiá bán ra lộcLiên hệ: 0912 218 803 để mua tài sảnNhà Đất Mặt Phố Đẹp Hà Nội"
https://mogi.vn/quan-ba-dinh/mua-nha-mat-tien-pho/ban-mat-pho-giang-van-minh-30m2-x-4-tang-mt-4-2m-gia-22-8-ty-id22727928,22 tỷ 800 triệu,"30 m2 (4,2x7)","Giang Văn Minh, Phường Kim Mã, Quận Ba Đình, Hà Nội",Quận Ba Đình,4.0,4.0,Quận Ba Đình,05/02/2026,BÁN MẶT PHỐ GIANG VĂN MINH | VỊ TRÍ CỰC ĐẸP NGAY NGÃ TƯ KIM MÃ ĐẮC ĐỊAHÀNG SIÊU HIẾM - VỪA ĐẸP VỪA TIỀN SỐ ĐÔNG - KHÔNG QUY HOẠCHVỊ TRÍ CỰC ĐẸP - NẰM NGAY NGÃ TƯ KIM MÃ - LÔ GÓC - VỈA HÈ RỘNG - KINH DOANH NGÀY ĐÊMPHÁP LÝ: SỔ ĐỎ VUÔNG VỨC CHÍNH CHỦ - CÓ SẴN - GIAO DỊCH TRONG NGÀYHIỆN TRẠNG NHÀ 4 TẦNG DÒNG TIỀN 30TR/TH TỪ TẦNG 2 ĐUA RA RẤT RỘNGGiá bán 22.8 tỷ còn thương lượngLiên hệ: 0912 218 803 để sở hữu tài sảnNhà Đất Mặt Phố Đẹp Hà Nội
https://mogi.vn/quan-dong-da/mua-nha-mat-tien-pho/ban-nha-mat-pho-khuong-thuong-60m2-x-7-tang-mt-5m-gia-32-9-ty-id22728062,32 tỷ 900 triệu,60 m2 (5x12),"Khương Thượng, Phường Khương Thượng, Quận Đống Đa, Hà Nội",Quận Đống Đa,18.0,18.0,Quận Đống Đa,05/02/2026,"🔥 🔥 SIÊU PHẨM 2 TRONG 1 | NHÀ MẶT PHỐ KẾT HỢP CHDV DÒNG TIỀN | 60M2 x 7 TẦNG | MT 5M | GIÁ 32.9 TỶ⭐️ NHÀ MẶT PHỐ KHƯƠNG THƯỢNG - TRUNG TÂM KHU VỰC TAM KHƯƠNG - TÔN THẤT TÙNG - TRƯỜNG CHINH🎯 CẠNH CÁC TRƯỜNG ĐH Y, ĐH THUỶ LỢI, HV NGÂN HÀNG, LUÔN KÍN KHÁCH THUÊ📕 PHÁP LÝ: KHÔNG QUY HOẠCH, SỔ ĐỎ VUÔNG ĐẸP, ĐẦY ĐỦ PCCC VÀ GPXD ĐÚNG PHÁP LUẬT🏠 NHÀ THIẾT KẾ 7 TẦNG DẠNG CHDV CHO THUÊ 18 PHÒNG, DOANH THU 100TR/THÁNGGiá bán còn thương lượng.Liên hệ: 0912 218 803 để mua tài sảnNhà đất mặt phố đẹp Hà Nội."
https://mogi.vn/quan-hai-ba-trung/mua-nha-mat-tien-pho/ban-mat-pho-le-thanh-nghi-52m2-x-5-tang-mt-4m-gia-chi-25-ty-id22727752,25 tỷ,52 m2 (4x13),"Lê Thanh Nghị, Phường Bách Khoa, Quận Hai Bà Trưng, Hà Nội",Quận Hai Bà Trưng,6.0,6.0,Quận Hai Bà Trưng,05/02/2026,"HIẾM | BÁN MẶT PHỐ LÊ THANH NGHỊ | 52M2 x 5 TẦNG | MT 4M | GIÁ CHỈ 25 TỶHÀNG HIẾM, PHỐ ÍT NHÀ BÁN | TRUNG TÂM BÁCH KINH XÂY | PHỐ VIP KINH DOANH MÁY TÍNH, LAP TOP, SẢN PHẨM CÔNG NGHỆ HÀNG ĐẦU HÀ NỘIVỊ TRÍ CỰC ĐẸP NHÀ 2 MẶT PHỐ TRƯỚC SAUSỔ ĐỎ 1 CHỦ CÓ SẴN - KHÔNG QUY HOẠCH - GIAO DỊCH ĐƯỢC NGAYHIỆN TRẠNG 2 KHỐI NHÀ 5 TẦNG, XÂY CHẮC CHẮN, PHÙ HỢP VỪA Ở VÀ CHO THUÊGiá bán còn thương lượngLiên hệ 0912218803 để mua tài sảnNhà Đất Mặt Phố Đẹp Hà Nội"
https://mogi.vn/quan-ba-dinh/mua-nha-biet-thu-lien-ke/phan-lo-van-phong-cp-van-phuc-ba-dinh-dt-70m2-x-6t-thang-may-18-ty-id21511956,18 tỷ,70 m2 (5x16),"Vạn Phúc, Phường Liễu Giai, Quận Ba Đình, Hà Nội",Quận Ba Đình,5.0,5.0,Quận Ba Đình,05/02/2026,"Bán nhà phân lô Vạn Phúc, Ba Đình. DT 70m2 x 6 tầng thang máy giá hơn 18 tỷ.- Nhà nằm trong khu phân lô Văn phòng Chính phủ đẹp. Đường ô tô tránh có vỉa hè. Trước nhà ô tô đỗ thoải mái. Khu vực an ninh tốt, vừa ở vừa kinh doanh.- Nhà Thiết kế hiện đại. 6 tầng thang máy. Thoáng trước sau 2 mặt. Đồ đạc thiết bị mới hiện đại. Chủ mới chỉ việc xách valy đến ở. - Chủ nhà Chị Vân thân thiện, bán chuyển lên khu đô thị Ciputra. Giá có thương lượngLiên hệ Mr Nam 0949521156 chuyên nhà đất."
https://mogi.vn/quan-tay-ho/mua-nha-biet-thu-lien-ke/biet-thu-don-lap-starlake-tay-ho-tay-view-cong-vien-gan-ho-300m2-64t-id22520883,64 tỷ,300 m2 (15x20),"Xuân La, Phường Xuân La, Quận Tây Hồ, Hà Nội",Quận Tây Hồ,4.0,4.0,Quận Tây Hồ,05/02/2026,"Bán biệt thự đơn lập Starlake Tây Hồ Tây. Vị trí đẹp, view công viên gần hồ. DT 300m2 giá 64 tỷ.Mô tả:- Quần thể biệt thự đơn lập Starlake Tây Hồ Tây là quần thể Vip nhất trong KĐTM Starake Quận Tây Hồ. An ninh an toàn với môi trường xanh đáng sống. Tiện ích đẳng cấp và khác biệt.- Tổ hợp tiện ích 5 sao dịch vụ đầy đủ: Bảo vệ 24/7, đường dạo bộ, vườn BBQ, khu vui chơi trẻ em, vườn cây xanh...- Nhà biệt thự đơn lập thiết kế dạng sân vườn đẹp. DT xây dựng 180m2 phong cách hiện đại. Chủ tự tay hoàn"
https://mogi.vn/quan-bac-tu-liem/mua-nha-biet-thu-lien-ke/biet-thu-don-lap-khu-do-thi-moi-nghia-do-view-cong-vien-300m2-64-ty-id22522749,64 tỷ,300 m2 (14x20),"Trần Cung, Phường Cổ Nhuế 1, Quận Bắc Từ Liêm, Hà Nội",Quận Bắc Từ Liêm,5.0,5.0,Quận Bắc Từ Liêm,05/02/2026,"Bán biệt thự đơn lập Khu đô thị mới Nghĩa đô. Vị trí đẹp, view công viên cạnh trường Quốc tế. DT 300m2 giá 64 tỷ.Mô tả:- Quần thể biệt thự đơn lập Khu đô thị mới Nghĩa đô chỉ bao gồm 20 căn biệt thự sân vườn đẳng cấp. Bố trí làm 3 block, View công viên, gần trường quốc tế Everest. Môi trường cảnh quan nhiều cây xanh trong lành. - Khu tiện ích 5 sao trong quần thể: Bể bơi 4 mùa, ngoài trời, sân Tennis, đường dạo bộ, khu vui chơi trẻ em...- Nhà biệt thự đơn lập sân vườn đẹp. Mật độ xây 60% thoáng "
https://mogi.vn/quan-tay-ho/mua-nha-biet-thu-lien-ke/biet-thu-lien-ke-xuan-dieu-quang-an-mt-6m-view-ho-quang-ba-dt-110m2-id22517731,25 tỷ,110 m2 (6x17),"Xuân Diệu, Phường Quảng An, Quận Tây Hồ, Hà Nội",Quận Tây Hồ,4.0,4.0,Quận Tây Hồ,05/02/2026,"Bán biệt thự liền kề Xuân Diệu, Quảng An Tây Hồ. Khu phân lô Vip View hồ Quảng Bá. DT 110m2 mặt tiền 6m giá 25 tỷ- Khu phân lô đẹp, không gian trong lành gần hồ, nhiều cây xanh mát mẻ. Hàng xóm thân thiện toàn chuyên gia cao cấp người nước ngoài, đường ô tô tránh vỉa hè rộng. Ngõ phân lô nông, cách mặt đường 80m thuận tiện di chuyển.- Thửa đất đẹp, vuông vắn, nở hậu chút lộc lá. Hiện trạng có nhà 3 tầng thiết kế dạng biệt thự sân vườn. Vị trí đẹp sử dụng nhiều mục đích, có thể ở hoặc xây tòa căn"
https://mogi.vn/quan-cau-giay/mua-nha-biet-thu-lien-ke/phan-lo-tt-bao-chi-nguyen-phong-sac-cau-giay-62m2-thang-may-14t-id21806969,14 tỷ 600 triệu,62 m2 (4x15),"Nguyễn Phong Sắc, Phường Nghĩa Tân, Quận Cầu Giấy, Hà Nội",Quận Cầu Giấy,4.0,5.0,Quận Cầu Giấy,05/02/2026,"Chủ nhà giáo viên bán nhà phân lô TT Báo chí Nguyễn Phong Sắc để sang Đức định cư cùng con. DT 62m2 thang máy. Hơn 14 tỷ+ Trước nhà là khu nhà ở của HV Báo chí view thoáng vĩnh viễn, đường ô tô tránh vỉa hè rộng rãi. Khu phân lô an ninh tốt, hàng xóm tri thức. Vị trí trung tâm ở sướng.+ Nhà rộng bề thế nhiều phòng. Xây dựng năm 2019 phong cách hiện đại, sàn gỗ trần thạch cao, vệ sinh Toto. Khách mua về sẵn ở ngay.Khu đất vượng khí Con cái chủ nhà học hành giỏi giang - thành đạt. Sổ đẹp sẵn giao "
https://mogi.vn/quan-bac-tu-liem/mua-nha-biet-thu-lien-ke/phan-lo-gian-dan-do-nhuan-vi-tri-hiem-gan-cv-hoa-binh-55m2-o-to-9-ty-id21784719,9 tỷ 800 triệu,55 m2 (4x12),"Đỗ Nhuận, Phường Xuân Đỉnh, Quận Bắc Từ Liêm, Hà Nội",Quận Bắc Từ Liêm,4.0,5.0,Quận Bắc Từ Liêm,05/02/2026,"Bán nhà nhỏ đổi nhà to, chủ nhà cần bán nhà khu phân lô giãn dân Đỗ Nhuận, Bắc Từ Liêm. Vài bước ra công viên Hòa Bình. DT 55m2 x 5 tầng giá hơn 9tỷ+ Vị trí trung tâm rất lý tưởng để an cư. Ngay gần nhà là hệ thống trường mầm non và C1 C2 Xuân Đỉnh. Chợ đầu mối cách nhà hơn 100m. Ngay sát là Công viên Hòa Bình, Không khí mát mẻ trong lành quanh năm.+ Chủ nhà được phân và ở từ năm 2005, 2015 tự tay xây dựng 5 tầng rộng rãi. T1 có gara ô tô, Tổng 3PN và nhiều phòng chức năng đẹp.Chủ nhà làm ăn có "
https://mogi.vn/quan-hoang-mai/mua-dat-nen-du-an/toi-can-nhuong-suat-dau-tu-tt2-1-75m-mt-5-2m-kdt-dinh-cong-mo-rong-id22728079,7 tỷ 500 triệu,75 m2 (20x2),"Giáp Bát, Phường Đại Kim, Quận Hoàng Mai, Hà Nội",Quận Hoàng Mai,,,Quận Hoàng Mai,03/02/2026,"Tôi chính chủ chuyển nhượng suất đầu tư tại TT 2.1 và liền kề đường 30m LK 3.6 dự án Đại Kim Định Công mở rộng - Hoàng Mai - dự án nội đô cuối cùng của Hà Nội đang đi vào sóng đường Vành Đai 2.5.* No 3.7 lô 02 chuyển nhượng 105 tr/m².MT 5m. Sát Vành Đai 2.5, lối đi vào trường học.Đất sạch quây tôn.* Chính chủ nhượng suất đầu tư TT2.1 - 75m - MT 5,2m -đất sạch - sát vành đai - KĐT Định Công mở rộng+ sát TTTM+ gần đường 30m+ Sau Vành đai 2.5Tôi chính chủ không làm sàn nào. Nhờ a/c em môi giới, bác"
https://mogi.vn/quan-hoang-mai/mua-dat-nen-du-an/nhuong-suat-dau-tu-lk-3-5-mat-quay-ra-vanh-dai-kdt-dinh-cong-mr-id22723127,105 triệu,"78 m2 (4,5x30)","Giáp Bát, Phường Đại Kim, Quận Hoàng Mai, Hà Nội",Quận Hoàng Mai,,,Quận Hoàng Mai,03/02/2026,"Tôi chính chủ chuyển nhượng suất đầu shophouse No 3.7 và liền kề LK 3.5 dự án Đại Kim Định Công mở rộng - Hoàng Mai - dự án nội đô cuối cùng của Hà Nội đang đi vào sóng đường Vành Đai 2.5.* No 3.7 chuyển nhượng 105 tr/m.MT 5m. Sát Vành đai 2.5, lối đi vào trường học.Đất sạch quây tôn.Rất gần trung tâm thương mại quận Hoàng Mai và rất nhiều tiện ích khác.Nhà liền kề được tự xây bên ngoài theo đúng thiết kế của CĐT, còn bên trong xây theo ý mình, giá sẽ rẻ hơn và chất lượng tốt hơn.* Giá chuyển nh"
https://mogi.vn/huyen-phuc-tho/mua-dat-nen-du-an/chinh-chu-ban-dat-nen-du-an-thanh-son-riverside-165m2-id22713521,1 tỷ 749 triệu,165 m2,"Quốc Lộ 32, Thị trấn Phúc Thọ, Huyện Phúc Thọ, Hà Nội",Huyện Phúc Thọ,,,Huyện Phúc Thọ,25/01/2026,"Diện tích lô đất 165m² vuông vắn mặt tiền 5m, đường vào 14m. Đường ô tô tránh di chuyển thuận tiện. Nằm ở trung tâm huyện sát chợ Vàng, khu hành chính đang hoạt động. Khu vực sầm uất nhất Thanh Sơn. Cạnh dự án Thanh Sơn Riverside nên được hưởng toàn bộ tiện ích đẳng cấp của khu đô thị. Là thị trường đất tiềm năng có khả năng tăng giá cao khi gần các khu vực hạ tầng như sân bóng trung tâm hành chính mới của huyện... Có tiềm năng tăng giá cao. Cách Hà Nội chỉ 85km di chuyển nên thuận lợi. Đất còn "
https://mogi.vn/huyen-phuc-tho/mua-dat-nen-du-an/ban-dat-phan-lo-thi-tran-thanh-son-phu-tho-165m2-da-co-so-do-id22713507,1 tỷ 750 triệu,165 m2,"Quốc Lộ 32, Thị trấn Phúc Thọ, Huyện Phúc Thọ, Hà Nội",Huyện Phúc Thọ,,,Huyện Phúc Thọ,25/01/2026,"Diện tích lô đất 165m² vuông vắn mặt tiền 5m, đường vào 14m. Đường ô tô tránh di chuyển thuận tiện. Nằm ở trung tâm huyện sát chợ Vàng, khu hành chính đang hoạt động. Khu vực sầm uất nhất Thanh Sơn. Cạnh dự án Thanh Sơn Riverside nên được hưởng toàn bộ tiện ích đẳng cấp của khu đô thị. Là thị trường đất tiềm năng có khả năng tăng giá cao khi gần các khu vực hạ tầng như sân bóng trung tâm hành chính mới của huyện... Có tiềm năng tăng giá cao. Cách Hà Nội chỉ 85km di chuyển nên thuận lợi. Đất còn "
https://mogi.vn/huyen-quoc-oai/mua-dat-nen-du-an/ban-dat-hoa-lac-ga-dong-bai-metro-5-o-to-tranh-doi-dien-dai-hoc-fpt-id22726594,2 tỷ 450 triệu,100 m2,"Phú Cát, Xã Phú Cát, Huyện Quốc Oai, Hà Nội",Huyện Quốc Oai,,,Huyện Quốc Oai,17/01/2026,"Bán mảnh đất vị trí đắc địa tại Hoà Lạc, nằm trên trục chính đường liên xã trong quần thể khu tái định cư Phú Cát, nơi được đánh giá là tâm điểm phát triển mới phía Tây Hà Nội. Đường trước đất thông rộng 2 ô tô tránh nhau, hạ tầng hoàn chỉnh, dân cư hiện hữu đông đúc, kinh doanh sầm uất.Lô đất nằm giáp danh dự án Legacy Hinorin, hàng xóm Metro City Hoà Lạc, và đặc biệt chỉ cách ga Đồng Bãi – tuyến Metro số 5 khoảng 3 phút di chuyển. Đây là lợi thế cực lớn giúp giá trị bất động sản tăng nhanh và "
https://mogi.vn/huyen-thach-that/mua-dat-nen-du-an/ban-dat-hoa-lac-doi-dien-dai-hoc-fpt-dhqg-gan-dai-lo-thang-long-id22726587,2 tỷ,105 m2,"ĐT420, Xã Hạ Bằng, Huyện Thạch Thất, Hà Nội",Huyện Thạch Thất,,,Huyện Thạch Thất,17/01/2026,"Cần bán lô đất tại huyện Thạch Thất, vị trí nằm trên trục đường chính, đường rộng 4 ô tô tránh nhau, dân cư hiện hữu đông đúc, dễ dàng kinh doanh buôn bán cho thuê, mang lại dòng tiền thụ động.Với lợi thế mặt đường lớn, khách mua về có thể ở luôn, kinh doanh tầng 1: Các mô hình kinh doanh phù hợp tại khu vực này gồm: tạp hoá, giặt là, salon tóc, spa, quán ăn, café, game, bi-a… do xung quanh là sinh viên, kỹ sư và người lao động trẻ sinh sống đông. Hoặc khách cũng có thể xây CCMN, CHDV trên ở dướ"
https://mogi.vn/huyen-thach-that/mua-dat-nen-du-an/ban-dat-hoa-lac-sat-dai-lo-thang-long-gan-metro-5-dh-fpt-id22726443,2 tỷ 500 triệu,112 m2,"ĐT420, Xã Tân Xã, Huyện Thạch Thất, Hà Nội",Huyện Thạch Thất,,,Huyện Thạch Thất,16/01/2026,"Cần bán mảnh đất tại Hoà Lạc, vị trí nằm trong khu dân cư hiện hữu, lõi khu công nghệ cao Hoà Lạc, sát đại lộ Thăng Long, tuyến Metro5. Đường rộng 2 ô tô tránh nhau, giao thông thuận tiện, an ninh tốt. Đây là khu vực rất phù hợp cho khách mua ở thật, tìm một nơi an cư lâu dài với môi trường sống trong lành.Điểm cộng lớn của lô đất là gần hồ Tân Xã, mang lại không khí thoáng đãng, mát mẻ quanh năm. Buổi sáng có thể dạo bộ, tập thể dục quanh hồ; buổi tối khu vực xung quanh hồ đông vui với các hàng"
https://mogi.vn/huyen-thach-that/mua-dat-nen-du-an/ban-dat-hoa-lac-sat-metro-5-dai-lo-thang-long-doi-dien-dh-fpt-dhqg-id22726450,2 tỷ,105 m2,"ĐT420, Xã Tân Xã, Huyện Thạch Thất, Hà Nội",Huyện Thạch Thất,,,Huyện Thạch Thất,16/01/2026,"Lô đất nằm tại ngã 3 chợ Hoà Lạc, khu vực được đánh giá là tâm điểm tăng giá trong giai đoạn 2025–2030 nhờ loạt dự án hạ tầng lớn đang triển khai thực tế, không còn là quy hoạch trên giấy: tuyến Metro 5 đang triển khai, giai đoạn 2 đại lộ Thăng Long nối cao tốc Hoà Lạc Hoà Bình, trục hồ Tây Ba Vì khởi công hầm chui Hoàng Quốc Việt Trần Vỹ.DIỆN TÍCH: 105M.MẶT TIỀN: 5.8M.GIÁ BÁN: CHỈ CẦN HƠN 2 TỶ ĐỂ SỞ HỮU LÔ ĐẤT.Vị trí đất nằm trên tuyến đường rộng, ô tô tránh, kết nối nhanh: ĐH FPT, ĐHQG Hà Nội,"
https://mogi.vn/huyen-thach-that/mua-dat-nen-du-an/ban-dat-tho-cu-hoa-lac-115m2-mat-duong-o-to-doi-dien-dh-fpt-id22726331,2 tỷ 650 triệu,115 m2,"Quốc lộ 21A, Xã Tân Xã, Huyện Thạch Thất, Hà Nội",Huyện Thạch Thất,,,Huyện Thạch Thất,15/01/2026,"Lô đất nằm tại Tân Xã – Hoà Lạc, khu vực có giao dịch sôi động, thanh khoản tốt nhờ nhu cầu ở và đầu tư lớn. Đường trước đất rộng, ô tô tránh, dân cư ở kín, hạ tầng hoàn chỉnh.Đây là sản phẩm dễ mua – dễ bán – dễ khai thác, phù hợp với khách:• Giữ tiền an toàn• Đầu tư trung hạn đón hạ tầng• Hoặc mua xây nhà ở kết hợp cho thuêTrong thời gian chờ tăng giá, khách mua hoàn toàn có thể:• Cho thuê mặt bằng• Hoặc xây phòng cho thuê tạo dòng tiền➡️ Không để vốn “chết”, giảm rủi ro đầu tư.DIỆN TÍCH: 115M"
https://mogi.vn/huyen-thach-that/mua-dat-nen-du-an/dat-tan-xa-hoa-lac-gan-khu-cnc-dhqg-dh-fpt-nhu-cau-xay-ccmn-id22726264,3 tỷ,115 m2,"ĐT420, Xã Tân Xã, Huyện Thạch Thất, Hà Nội",Huyện Thạch Thất,,,Huyện Thạch Thất,14/01/2026,"Bán lô đất tại Tân Xã – Hoà Lạc, vị trí gần Khu Công nghệ cao, nơi tập trung hàng chục nghìn kỹ sư, chuyên gia và sinh viên. Đây là khu vực có nhu cầu thuê nhà cực lớn, đặc biệt là phân khúc căn hộ dịch vụ, CCMN.Lô đất nằm trên tuyến đường rộng, ô tô tránh, thuận tiện xây dựng và khai thác. Với diện tích đẹp, khách mua có thể xây: CCMN 5–7 tầng Hoặc CHDV cao cấp, có thang máy.➡️ Tỷ lệ lấp phòng cao, giá thuê ổn định, tạo dòng tiền thụ động hàng tháng.Ngoài cho thuê, tầng 1 có thể tận dụng làm: G"
https://mogi.vn/huyen-thach-that/mua-dat-nen-du-an/ban-dat-nen-tai-tan-xa-thach-that-kcnc-hoa-lac-cong-truong-dai-hoc-id22725075,3 tỷ 900 triệu,100 m2 (6x17),"Tân Xã, Xã Tân Xã, Huyện Thạch Thất, Hà Nội",Huyện Thạch Thất,,,Huyện Thạch Thất,12/01/2026,"ĐẤT PHÂN LÔ HÒA LẠC KHU CÔNG NGHỆ CAO TƯƠNG LAI DẠNG NGỜI X3 TƯƠNG LAI.Khu CNC Hòa Lạc là Thành phố vệ sinh tỉnh của thủ đô Đô, nó nhằm giảm tải cho thủ Đội của chúng ta.## Hiện tại đã có các bạn ngành như Bộ Tài Chính, bộ khoa học công nghệ thông tin, Bộ Công Thương, Bộ Tài Chính Chính, bộ Công An và các bộ ngành khác đã hoạt động trên đó.# Đặc biệt như các trường đại học Học Quốc Gia giá và rất nhiều trường đang chuyển và phải chuyển lên trước 2030.# Kèm thoe đó là các Doanh Nghiệp lớn như FPT"
https://mogi.vn/huyen-quoc-oai/mua-dat-nen-du-an/ban-dat-hoa-lac-sat-ql21-doi-dien-dh-fpt-dhqg-o-to-tranh-100m2-id22725757,2 tỷ 879 triệu,100 m2,"Tỉnh Lộ 421B, Xã Hòa Thạch, Huyện Quốc Oai, Hà Nội",Huyện Quốc Oai,,,Huyện Quốc Oai,10/01/2026,"Bán mảnh đất nằm trong xã Hoà Thạch cũ nay là xã Bình Yên trong khu vực lõi của thành phố vệ tinh Hoà Lạc. Nằm đối diện đại học FPT, học viện Tài Chính, sát tổ hợp đại học quốc gia, cách quốc lộ 21 160m, cách tuyến metro 5 chỉ 1km. Khu vực bạt ngàn nhà trọ cho sinh viên, cán bộ, giáo viên, kỹ sư, chuyên giả của các trường đại học và các tập đoàn đang làm việc tại khu công nghệ cao. Mảnh đất nằm trên trục chính đường liên khu, đường rộng, 2 ô tô tránh, dễ dàng kinh doanh buôn bán hoặc cho thuê ki"
https://mogi.vn/huyen-quoc-oai/mua-dat-nen-du-an/ban-dat-hoa-lac-sat-ql21-tdc-phu-cat-o-to-tranh-doi-dien-metro-city-id22725750,2 tỷ 650 triệu,100 m2,"Phú Cát, Xã Phú Cát, Huyện Quốc Oai, Hà Nội",Huyện Quốc Oai,,,Huyện Quốc Oai,10/01/2026,"Bán mảnh đât thỏ cư còn xót lại nằm sát khu tái định cư Phú Cát, cách quốc lộ 21 chỉ 150m, đối diện dự án VIP Metro city Hoà Lạc, đại học quốc gia, cách tuyến Metro 5 chỉ 600m, cách đại học FPT, học viện Tài Chính chỉ 2 km. Khu vực dân cư đông đúc, sầm uất, hoạc động kinh doanh buôn bán giao thương liên tục suốt ngày đêm. Đường phân lô bàn cờ thông rộng, 3 ô tô tránh có vỉa hè. Nằm trong làng CHDV, CCMN khách mua về dễ dàng cho thuê hoặc xây lên toà CHDV, CCMN trên ở dưới cho thuê mang lại dòng "
https://mogi.vn/huyen-thach-that/mua-dat-nen-du-an/ban-dat-tho-cu-hoa-lac-mat-truc-420-lo-goc-128m-doi-dien-dh-fpt-id22725573,2 tỷ 799 triệu,128 m2,"ĐT420, Xã Bình Yên, Huyện Thạch Thất, Hà Nội",Huyện Thạch Thất,,,Huyện Thạch Thất,08/01/2026,"Bán lô đất thổ cư Hòa Lạc sở hữu vị trí đắc địa trên trục chính đường tỉnh 420, ngay sát chợ Hòa Lạc, thuộc khu Công nghệ cao Hòa Lạc, đối diện Đại học FPT, Học viện Tài chính và tổ hợp Đại học Quốc gia Hà Nội. Khu vực tập trung đông dân cư sinh sống lâu dài, đội ngũ cán bộ giảng viên các trường đại học lớn cùng kỹ sư, chuyên gia khu CNC, tạo nên nhu cầu cao về sinh hoạt, ẩm thực và vui chơi giải trí.Diện tích: 128m² Mặt tiền: 26m, lô góc hai mặt thoáng Giá bán: chỉ 3,8 tỷ để sở hữu lô đất vị tr"
https://mogi.vn/huyen-thach-that/mua-dat-nen-du-an/dat-trung-tam-tan-xa-gan-ho-gan-fpt-dhqg-sat-metro-5-125m-id22725390,2 tỷ 499 triệu,"125 m2 (9x16,7)","ĐT420, Xã Bình Yên, Huyện Thạch Thất, Hà Nội",Huyện Thạch Thất,,,Huyện Thạch Thất,07/01/2026,"Bán mảnh đất trung tâm Tân Xã, cách mặt hồ 300m, đường ô tô tránh, thông rộng, kinh doanh sầm uất ngày đêm.Diện tích: 125m²Mặt tiền: 9mGiá bán: Chỉ hơn 3 tỷVị trí nằm trong khu dân cư đông đúc, tập trung sinh viên ĐH FPT, Học viện Tài Chính và cán bộ Khu CNC Hoà Lạc. Nhu cầu ăn uống, sinh hoạt, dịch vụ rất lớn. Phù hợp khai thác: giặt là, bi-a, game, salon, spa…Mảnh đất đối diện ĐH FPT – Học viện Tài Chính, cách ĐH Quốc Gia Hà Nội 1,5km, cách tuyến Metro 5 khoảng 1km. Hưởng lợi từ các dự án lớn "
https://mogi.vn/quan-ha-dong/mua-cua-hang-shop-shophouse/ban-gap-san-van-phong-tran-phu-1100m2-dt-300tr-thang-55-ty-id22713909,55 tỷ,1100 m2,"Trần Phú, Phường Văn Quán, Quận Hà Đông, Hà Nội",Quận Hà Đông,,,Quận Hà Đông,26/12/2025,"🔥 BÁN GẤP SÀN VĂN PHÒNG TRẦN PHÚ – HÀ ĐÔNG 🔥SỔ ĐỎ LÂU DÀI – DÒNG TIỀN ỔN ĐỊNH – VỊ TRÍ TRUNG TÂM📍 Vị trí: Mặt phố Trần Phú – trung tâm hành chính, tài chính của quận Hà Đông, khu vực tập trung nhiều tòa nhà văn phòng, ngân hàng, trường đại học và khu dân cư cao cấp.🚇 Giao thông thuận tiện: sát ga đường sắt trên cao, kết nối nhanh Nguyễn Trãi – Quang Trung – Tố Hữu.🏢 Thông tin tài sản:• Diện tích sàn: 1.100m²• Thiết kế hiện đại, đầy đủ hạ tầng văn phòng cao cấp.• Sổ đỏ lâu dài, pháp lý rõ ràng, g"
https://mogi.vn/quan-ha-dong/mua-cua-hang-shop-shophouse/ban-san-tmdv-tran-phu-so-do-lau-dai-315m2-dt-70tr-thang-15-9-ty-id22714084,15 tỷ 899 triệu,315 m2,"Trần Phú, Phường Văn Quán, Quận Hà Đông, Hà Nội",Quận Hà Đông,,,Quận Hà Đông,26/12/2025,"🔥 BÁN SÀN TMDV TRẦN PHÚ – HÀ ĐÔNG | SỔ ĐỎ LÂU DÀI – DÒNG TIỀN ỔN ĐỊNH – GIÁ CHỈ 15.9 TỶ 🔥📍 Vị trí: Mặt đường Trần Phú – trung tâm Hà Đông, trục chính huyết mạch kết nối Nguyễn Trãi – Quang Trung – Metro Hà Đông. Khu vực tập trung nhiều tòa văn phòng, ngân hàng, showroom, trường học và khu dân cư cao cấp.🏢 Thông tin chi tiết:• Diện tích sàn: 315m²• Hiện đang cho thuê: 70 triệu/tháng, hợp đồng ổn định, khách thuê uy tín• Sổ đỏ lâu dài, pháp lý chuẩn, sang tên ngay• Phù hợp đầu tư giữ tiền, cho thu"
https://mogi.vn/quan-dong-da/mua-mat-bang-cua-hang-shop-thoi-trang-my-pham-thuoc/kiot-mat-pho-pham-ngoc-thach-dong-da-kinh-doanh-dinh-v-he-50m2-id22708834,7 tỷ 949 triệu,50 m2,"Phạm Ngọc Thạch, Phường Kim Liên, Quận Đống Đa, Hà Nội",Quận Đống Đa,,,Quận Đống Đa,21/10/2025,"🌟KIOT Mặt Phố Phạm Ngọc Thạch_Đống Đa_kinh doanh đỉnh_v/hè 50m2🌟 KIOT MẶT PHỐ VỈA HÈ - KINH DOANH SIÊU ĐỈNH - ĐA MẶT HÀNG - DÒNG TIỀN CHO THUÊ 270TR/NĂMVị trí siêu đỉnh, mặt phố KD tấp nập bậc nhất Hà Nội, vỉa hè để xe thoải mái, nền cao không ngập lụtMặt tiền rộng, gồm 2 sàn kinh doanh đã lắp sẵn điều hòa. Diện tích sàn là 24m. Tổng diện tích tầng 1+2 là 50m.Pháp lý sổ đỏ chính chủ sẵn sàng giao dịch.----------------------------CAM KẾT: THÔNG TIN THẬT+ GIÁ THẬT_ HÌNH ẢNH THẬTLIÊ HỆ NGAY: MR TÚ "
https://mogi.vn/quan-hai-ba-trung/mua-mat-bang-cua-hang-shop-nhieu-muc-dich/cho-thue-biet-dep-pho-ngo-hue-100m2-x-2-5-tang-mat-tien-8m-id22693828,45 triệu,100 m2,"Ngõ Huế, Phường Phạm Đình Hổ, Quận Hai Bà Trưng, Hà Nội",Quận Hai Bà Trưng,,,Quận Hai Bà Trưng,19/07/2025,"Cho thuê biệt đẹp - phố Ngõ Huế 100m2 x 2.5 tầng - mặt tiền 8m - KD mọi mô hìnhNgày đăng: Hôm nayCHo thuê nhà mặt phô sNgõ Huế quận Hai Bà Trưng, - DT 100m²,Nhà 2,5 tầng, MT 8m. Giá thuê: 45tr/tháng.📍 Trung tâm quận Hai Bà Trưng, tiện kinh doanh, làm showroom, spa...nhà hàng , cafe sân vườn📞 Gọi ngay: 0963968078 để biết chi tiết!"
https://mogi.vn/quan-hai-ba-trung/mua-mat-bang-cua-hang-shop-nhieu-muc-dich/cho-thue-mbkd-tran-dai-nghia-200m2-x-2-tang-mat-tien-12-id22683702,110 triệu,200 m2,"Trần Đại Nghĩa, Phường Bách Khoa, Quận Hai Bà Trưng, Hà Nội",Quận Hai Bà Trưng,,,Quận Hai Bà Trưng,19/07/2025,"TRUNG TÂM BÁCH - KINH - XÂY - Cho thuê mọi mô hình kinh doanh- Diện tích: T1: 200m2 x2 tầng- Mặt tiền: 12m- Cho thuê cả nhà riêng biệt, vị trí cực đẹp và hiếm cạnh cổng Đại Học. Trung tâm Bách - Kinh - Xây. Phù hợp cafe, fastfood,Spa,Trung tâm dạy học...- Liên hệ em đi xem ngay nhé ! 0963968078"
https://mogi.vn/quan-cau-giay/mua-cua-hang-shop-shophouse/ban-toa-nha-van-phong-mat-pho-dang-thuy-tram-120m2-8t-id22667530,68 tỷ,120 m2,"Phan Văn Trường, Phường Dịch Vọng Hậu, Quận Cầu Giấy, Hà Nội",Quận Cầu Giấy,,,Quận Cầu Giấy,21/06/2025,"Nhà mặt phố Đặng Thuỳ Trâm - Phan Văn Trường - Phạm Tuấn Tài.- Diện tích: 120 m², mặt tiền: 8,5m. Xây mới 8 tầng thang máy. Thiết kế thông sàn văn phòng. Có Thoáng sau (có sân chơi phía sau nhà).- Vị trí: Gần phố Phạm Tuấn Tài, Nguyễn Phong Sắc, Trần Đăng Ninh và đường Xuân Thuỷ, Phạm Văn Đồng, Học Viện Thuật Quân Sự.- Nhà đang cho thuê giá tốt. Tuyết phố kinh doanh sầm uất.- Pháp lý chuẩn: Đầy đủ hồ sơ thiết kế XD, GPXD, PCCC.- Giá bán: 67 tỷ. Thông tin mua bán Chính chủ 0984250719"
https://mogi.vn/quan-ba-dinh/mua-cua-hang-shop-shophouse/ban-toa-nha-12-tang-mat-pho-phan-ke-binh-171m2-12t-id22667145,105 tỷ,175 m2,"Phan Kế Bính, Phường Cống Vị, Quận Ba Đình, Hà Nội",Quận Ba Đình,,,Quận Ba Đình,21/06/2025,"Mặt phố VIP Ba Đình -Khu phố Linh Lang- Phan Kế Bính - phố Tây VIP - diện tích rộng, kinh doanh đỉnh, 12 tầng thang máy, một mặt phố, một mặt ngõ ô tô, gần Hồ Tây.Nhà mặt phố, kinh doanh sầm uất, cửa hàng san sát nhau. Gần các tuyến phố: Phan Kế Bính, Kim Mã Thượng, Văn Cao, Liễu Giai, Thuỵ Khuê, Đội Cấn.. Thuận tiện di chuyển các quận Tây Hồ, Ba Đình, Cầu Giấy.Nhà dt: 171m2 xây 12 tầng thang máy, Nhà Thiết kế theo mô hình căn hộ dịch vụ …Tổng 21 phòng ( full nội thất , tủ bếp, giường , tủ…) Nhà"
https://mogi.vn/quan-thanh-xuan/mua-cua-hang-shop-shophouse/ban-toa-vp-lo-goc-khu-hoang-dao-thuy-le-van-luong-120-8t-id22667055,82 tỷ,120 m2,"Hoàng Đạo Thúy, Phường Nhân Chính, Quận Thanh Xuân, Hà Nội",Quận Thanh Xuân,,,Quận Thanh Xuân,21/06/2025,"TOÀ NHÀ VĂN PHÒNG THÔNG SÀN - LÔ GÓC- THANG MÁY Dt: 120m2 xây 8T Lô góc : 2 mặt tiền đường ô tô tránh Diện tích sổ: 96m2 - Thiết kế:+ Tầng hầm để xe.+ Tầng 1 - Tầng 6: Thông sàn Cầu thang cuối, vệ sinh, lô góc 2 mặt thoáng 2 bên. Khu vực đã quy hoạch ổn định, hệ thống PCCC đầy đủ. + Tầng 7: Tum thang, sân trồng cây. - Hiện đang cho thuê cả nhà hơn 1.2 tỷ/năm. Sổ đỏ cc.Giá 82 tỷ . TT Liên hệ 0984250719"
https://mogi.vn/quan-thanh-xuan/mua-cua-hang-shop-shophouse/ban-toa-van-phong-dong-tien-mat-pho-q-thanh-xuan-190m2-11t-id22667386,110 tỷ,190 m2,"Nguyễn Trãi, Phường Thượng Đình, Quận Thanh Xuân, Hà Nội",Quận Thanh Xuân,,,Quận Thanh Xuân,21/06/2025,"🌺 TOÀ DÒNG TIỀN MẶT PHỐ - VỊ TRÍ ĐẸP - LÔ GÓC - 👉MẶT phố Nguyễn Trãi 190m2 nhà 11 tầng, mặt tiền: 9,5m👉 Giá: 110 tỷ + Vị trí tuyệt đẹp khu vực kinh doanh sầm uất . Nhà lô góc+ Nhà thiết kết 11 tầng trong đó bên ngoài 4 tầng đang cho thuê, Nhà thiết kế đều thông. + Dòng tiền 450/1 tháng + Sổ 2 sổ một chủ đẹp vuông vắn.TT mua bán liên hệ 0984250719"
https://mogi.vn/quan-cau-giay/mua-cua-hang-shop-shophouse/ban-toa-van-phong-8-tang-khu-pho-vo-chi-cong-hoang-quoc-viet-id22667696,170 tỷ,400 m2,"Hoàng Quốc Việt, Phường Nghĩa Đô, Quận Cầu Giấy, Hà Nội",Quận Cầu Giấy,,,Quận Cầu Giấy,21/06/2025,"Bán toà Văn phòng mặt phố Võ Chí Công - Hoàng Quốc Việt - Phường Nghĩa Đô Quận Cầu Giấy Dt : 400m2 xây 8 tầng Diện tích sổ 279m2 Mătn tiền:13m + Vị trí ,giao thông thuận tiện đi lại, thiết kế thông sàn với 7 tầng nổi, 1 tum và 1 hầm gửi xe rộng như sân bóng.+ Sổ cấp 279m2 đất thổ cư, còn lại là đất lưu không tổng 400m2, chủ xây full từ tầng 1 đến tầng 8 đủ 400m2, thông sàn.+ Với thiết kế thông minh, hai thang máy, thang bộ thoát hiểm, tòa nhà đang vận hành cực tốt phù hợp cho khách mua làm văn p"
https://mogi.vn/quan-cau-giay/mua-mat-bang-cua-hang-shop-cafe-do-uong/ban-nha-mat-pho-phan-van-truong-25m2-4t-mt-4-gia-12-6-ty-id22666521,12 tỷ 600 triệu,25 m2,"Phan Văn Tường, Phường Mai Dịch, Quận Cầu Giấy, Hà Nội",Quận Cầu Giấy,,,Quận Cầu Giấy,21/06/2025,"Nhà măt phố dòng tiền khu Trần quốc hoàn, Phan Văn Trường , Q Cầu Giấy Mô tả: 25m2 xay 4 T Mt:4 + NHÀ MẶT PHỐ - VỈA HÈ ĐÁ BÓNG - TRUNG TÂM BUÔN BÁN -KINH DOANH - QUY HOẠCH ỔN ĐỊNH.+ TẦNG 1 : CỬA HÀNG + WC+ TẦNG 2+3+4 : THÔNG SÀN + WC+ TUM : SÂN PHƠI + PHÒNG THỜĐang cho thuê kinh doanh đồ uống Giá 12.6 tỷ . Mua nha LH 0984250719"
https://mogi.vn/quan-thanh-xuan/mua-cua-hang-shop-shophouse/ban-toa-vp-quan-thanh-xuan-dt-120m2-9t-san-so-id22668506,75 tỷ,120 m2,"Hoàng Văn Thái, Phường Khương Trung, Quận Thanh Xuân, Hà Nội",Quận Thanh Xuân,,,Quận Thanh Xuân,21/06/2025,"TOÀ VĂN PHÒNG 1000M2 SÀN VĂN PHÒNG Q Thanh Xuân Dt:120m2 xây 9T , thông sànCAO 8 TẦNG 1 HẦM THIẾT KẾ HIỆN ĐẠI ĐẦY ĐỦ GPXD & PCCCKhu phố Hoàng Văn Thái - Tô Vĩnh Diện SỔ ĐỎ HOÀN CÔNG DÒNG TIỀN 1.5 TỶ / NĂM GIÁ 75 TỶ CÁCH NGÃ TƯ SỞ 500M. Lh 0984250719"
https://mogi.vn/quan-dong-da/mua-cua-hang-shop-shophouse/ban-nha-mat-pho-khu-hao-nam-cat-linh-120m2-mt-10-id22667968,55 tỷ,120 m2,"Hào Nam, Phường Cát Linh, Quận Đống Đa, Hà Nội",Quận Đống Đa,,,Quận Đống Đa,21/06/2025,Tôi bán nhà mặt phố kinh doanh khu phố Hào Nam - An trạch - cát linhDt:120m2 xây 4.5 TMt:10mĐang cho thuê 80 tr/ tháng Sổ để ở nhà . Giá 55 tỷ . Ai qtam gọi tôi 0984250719
https://mogi.vn/huyen-thanh-tri-ha-noi/mua-cua-hang-shop-shophouse/ban-shophouse-palmy-biztown-hdb-thanh-tri-81m-152tr-m-id22684573,12 tỷ 312 triệu,81 m2,"Phan Trọng Tuệ, Xã Thanh Liệt, Huyện Thanh Trì, Hà Nội",Huyện Thanh Trì,,,Huyện Thanh Trì,14/05/2025,"🏷 Chính chủ bán shophouse Palmy Biztown – Thanh Trì – 81m² – Giá 152tr/m²Diện tích: 81m², hướng Đông Bắc.Vị trí: Dự án Palmy Biztown – mặt đường Phan Trọng Tuệ – Thanh Liệt – Thanh Trì.Gần Linh Đàm, Đại Thanh, trung tâm hành chính Thanh Trì, kết nối Nguyễn Xiển – Vành đai 3.5.📌 Điểm nổi bật:Dự án từng vướng pháp lý, hiện đã chuyển giao cho Reatimes Holding triển khai thần tốc.Pháp lý rõ ràng, tiến độ hạ tầng được đẩy nhanh.📄 Tiến độ & pháp lý:Đã phê duyệt quy hoạch 1/500, có quyết định chủ trươn"
https://mogi.vn/huyen-thanh-tri-ha-noi/mua-mat-bang-cua-hang-shop-nhieu-muc-dich/shophouse-palmy-biztown-hdb-thanh-tri-81m-chi-153tr-m-id22684575,12 tỷ 393 triệu,81 m2,"Phan Trọng Tuệ, Xã Thanh Liệt, Huyện Thanh Trì, Hà Nội",Huyện Thanh Trì,,,Huyện Thanh Trì,14/05/2025,"🏷 Chính chủ sang tên shophouse Palmy Biztown – 81m² – Giá chỉ 153tr/m²Diện tích: 81m², hướng Đông Bắc.Vị trí: Trung tâm thương mại Palmy Biztown – Thanh Liệt – Thanh Trì.💰 Giá bán cực tốt:Chỉ 153 triệu/m² (~12.4 tỷ/lô).So sánh: Hoàng Mai (đã lên quận) giá thương mại đã 320–360 triệu/m² → Palmy Biztown rẻ hơn 50–60%.📈 Tiềm năng tăng giá mạnh:Thanh Trì chính thức lên quận trong năm 2025.Dự án pháp lý sạch, chủ đầu tư Reatimes Holding đẩy tiến độ thần tốc.Hạ tầng giao thông đồng bộ từ Nguyễn Xiển, "
